CustomerID,Gender,Age,Annual_Income_k,Spending_Score,Visits_Per_Month,Avg_Basket_Value,Online_Purchase_Pct,KMeans_Cluster,Hierarchical_Cluster,PC1,PC2
1,Female,54,110.1,30,2,3757,37.0,3,0,2.9282,0.3712
2,Male,35,33.6,42,4,1212,30.2,0,2,0.418,-2.0001
3,Female,38,42.0,43,4,1353,29.2,0,2,0.6819,-1.7775
4,Female,28,76.4,78,8,4712,62.4,2,3,-1.1199,1.3498
5,Male,29,37.9,71,7,1676,85.6,1,1,-2.0801,-0.2708
6,Male,47,104.8,25,4,5224,24.7,3,0,2.7527,0.6365
7,Female,37,26.3,43,4,1278,35.9,0,2,0.3065,-2.0041
8,Female,28,79.7,88,8,5538,42.6,2,3,-0.733,1.491
9,Male,19,39.2,78,11,1231,66.1,1,1,-2.9798,-0.4471
10,Male,37,39.3,55,3,1306,32.7,0,2,0.4405,-1.7132
11,Male,27,38.4,77,9,2130,64.2,1,1,-2.0777,-0.2778
12,Female,43,101.9,24,3,4152,40.9,3,0,2.1941,0.3803
13,Male,31,96.2,83,5,5638,46.2,2,3,0.1032,1.6824
14,Female,40,102.1,40,3,4221,38.0,3,0,1.7995,0.5365
15,Female,25,45.1,82,8,2311,83.4,1,1,-2.4579,0.2465
16,Female,54,102.3,33,2,4598,58.0,3,0,2.4242,0.9262
17,Female,28,79.3,76,7,5406,51.8,2,3,-0.5647,1.3923
18,Female,45,39.7,36,3,1656,32.2,0,2,1.2893,-1.7824
19,Female,41,115.0,57,4,4060,19.4,3,0,1.8884,0.6739
20,Female,30,42.8,84,7,1057,69.2,1,1,-1.9444,-0.5321
21,Male,31,38.8,86,8,1465,70.2,1,1,-2.1033,-0.3553
22,Male,41,26.1,38,5,1467,45.6,0,2,0.2574,-1.7531
23,Female,31,37.4,36,3,1447,32.9,0,2,0.4972,-1.9355
24,Male,48,100.8,28,3,5581,42.1,3,0,2.5185,0.9668
25,Female,34,72.1,16,3,4516,30.9,3,0,1.8449,-0.3743
26,Female,48,31.3,43,5,1249,42.0,0,2,0.629,-1.7129
27,Female,30,39.2,93,4,1299,84.0,1,1,-1.982,-0.3395
28,Female,41,83.4,36,3,3917,44.6,3,0,1.5483,0.1237
29,Male,35,31.3,32,3,1263,34.4,0,2,0.6626,-2.1331
30,Female,27,33.1,71,11,1955,68.4,1,1,-2.4501,-0.3194
31,Male,41,94.9,87,7,5724,51.9,2,3,0.0937,1.9896
32,Male,49,19.5,45,7,1032,29.5,0,2,0.4523,-2.0942
33,Male,37,94.0,34,3,4381,47.1,3,0,1.494,0.5136
34,Female,18,34.8,83,8,2222,87.0,1,1,-3.04,0.0617
35,Female,38,36.0,49,5,1030,37.5,0,2,0.1145,-1.7387
36,Male,33,114.8,81,9,4276,51.4,2,3,-0.4876,1.8752
37,Male,32,34.6,37,3,1397,22.5,0,2,0.727,-2.1762
38,Male,40,82.2,77,7,4710,44.2,2,3,0.1495,1.1097
39,Male,48,105.8,18,4,4440,50.0,3,0,2.2855,0.7302
40,Male,49,89.5,29,4,4716,33.7,3,0,2.3514,0.3544
41,Male,40,93.7,29,3,4578,44.2,3,0,1.835,0.4804
42,Female,42,94.0,40,2,3991,28.9,3,0,2.1528,0.0756
43,Male,31,96.7,87,9,4579,64.6,2,3,-1.1555,1.9201
44,Male,44,41.1,44,5,1452,19.1,0,2,1.0436,-1.8426
45,Female,49,74.6,38,4,4164,31.1,3,0,2.0067,-0.0858
46,Male,53,110.6,35,4,4308,31.9,3,0,2.6491,0.6753
47,Male,18,40.4,89,5,1610,79.0,1,1,-2.5204,-0.3089
48,Female,27,34.6,82,8,1857,79.9,1,1,-2.4432,-0.1845
49,Male,53,106.3,28,3,5111,16.9,3,0,3.3402,0.4795
50,Male,30,80.0,80,7,5846,47.1,2,3,-0.371,1.5389
51,Male,24,24.1,71,8,2244,64.4,1,1,-2.0948,-0.6588
52,Male,30,44.0,72,11,1956,72.7,1,1,-2.2968,-0.0063
53,Male,47,107.5,15,3,4782,39.3,3,0,2.7533,0.6029
54,Male,40,26.6,28,4,1408,35.1,0,2,0.7949,-2.13
55,Female,21,58.2,82,10,1840,74.9,1,1,-2.7169,0.2989
56,Female,24,40.9,80,10,1500,64.1,1,1,-2.5037,-0.3731
57,Male,46,91.9,41,2,5516,32.6,3,0,2.4302,0.6831
58,Male,23,42.3,80,6,1757,65.4,1,1,-1.8998,-0.4812
59,Female,21,50.3,85,9,1554,70.0,1,1,-2.6256,-0.0766
60,Male,20,37.6,62,8,2074,82.1,1,1,-2.4028,-0.2611
61,Female,22,32.1,84,8,1967,51.7,1,1,-2.1216,-0.6772
62,Female,24,33.3,77,10,1526,76.1,1,1,-2.7897,-0.3408
63,Female,28,39.0,86,11,1950,67.2,1,1,-2.6057,-0.0467
64,Male,55,98.7,24,3,3774,55.0,3,0,2.4184,0.4597
65,Female,24,41.4,36,6,1250,27.0,0,2,-0.1949,-1.8648
66,Female,26,33.1,78,10,1644,67.8,1,1,-2.5066,-0.4283
67,Female,36,23.9,43,4,1378,24.6,0,2,0.4957,-2.2151
68,Female,30,45.7,82,9,1771,69.2,1,1,-2.1024,-0.1099
69,Male,30,35.7,83,10,1653,75.8,1,1,-2.5488,-0.1633
70,Male,24,41.0,88,7,1669,72.5,1,1,-2.3488,-0.2569
71,Male,26,42.4,81,9,1962,60.0,1,1,-2.0938,-0.2895
72,Female,26,45.6,75,6,1493,64.5,1,1,-1.625,-0.5775
73,Female,42,104.1,29,2,4964,35.7,3,0,2.4464,0.6249
74,Female,45,72.0,28,2,4883,45.3,3,0,2.0612,0.1205
75,Male,46,89.1,25,4,4745,71.6,3,0,1.4244,0.9618
76,Male,30,78.0,89,9,5625,57.0,2,3,-1.1379,1.8203
77,Male,37,79.4,97,5,4480,47.3,2,3,-0.209,1.1224
78,Male,24,85.4,79,5,5365,63.4,2,3,-0.7141,1.5986
79,Female,33,107.0,82,5,5794,59.4,2,3,0.0631,2.1793
80,Female,40,35.5,36,1,1059,25.5,0,2,1.3791,-2.3428
81,Male,20,29.2,82,8,1874,74.9,1,1,-2.7482,-0.3943
82,Male,47,95.8,39,3,4438,54.6,3,0,1.7719,0.7898
83,Male,45,118.0,30,2,5754,19.8,3,0,3.1845,0.9361
84,Male,32,21.8,39,8,1091,40.3,0,2,-0.6809,-1.8976
85,Female,18,47.6,77,7,2067,73.4,1,1,-2.3439,-0.1098
86,Male,41,24.7,44,5,1553,22.8,0,2,0.6469,-2.0767
87,Female,29,100.9,74,9,5897,54.4,2,3,-0.5626,2.1532
88,Female,31,86.9,87,8,5459,44.9,2,3,-0.5443,1.6429
89,Male,37,74.8,35,5,4551,50.8,3,0,0.8941,0.3949
90,Female,48,80.3,39,3,5091,20.9,3,0,2.501,0.1371
91,Female,35,86.5,76,7,5461,63.8,2,3,-0.3888,1.7863
92,Female,23,40.9,91,14,1689,59.5,1,1,-3.2823,-0.0084
93,Female,54,112.9,37,4,4696,45.9,3,0,2.4211,1.1342
94,Female,31,92.3,76,12,4982,54.8,2,3,-1.1918,1.8693
95,Female,38,35.7,36,6,1257,20.3,0,2,0.6225,-2.05
96,Male,25,44.6,86,9,1767,60.1,1,1,-2.2482,-0.2604
97,Female,24,38.3,54,3,947,41.3,0,2,-0.4628,-1.7666
98,Female,31,70.9,85,6,6044,70.7,2,3,-0.857,1.8406
99,Female,24,42.7,88,11,1466,61.4,1,1,-2.7456,-0.241
100,Female,38,19.1,44,3,1283,28.3,0,2,0.5939,-2.3259
101,Female,37,39.2,42,7,816,35.5,0,2,-0.0674,-1.7482
102,Female,34,39.2,35,1,1581,21.0,0,2,1.2938,-2.1853
103,Female,46,96.0,30,3,4291,59.1,3,0,1.7796,0.7101
104,Female,33,95.1,74,9,5695,54.3,2,3,-0.4392,1.9738
105,Male,36,31.8,30,4,1256,29.1,0,2,0.7176,-2.1758
106,Female,27,37.1,75,10,2094,62.3,1,1,-2.1732,-0.3108
107,Female,42,81.0,39,3,5681,45.6,3,0,1.7187,0.7803
108,Male,41,24.9,30,7,1384,22.6,0,2,0.5888,-2.1766
109,Female,38,88.3,83,8,3981,63.8,2,3,-0.7005,1.431
110,Male,34,96.8,90,8,5454,52.4,2,3,-0.5134,2.013
111,Male,53,100.4,29,4,4846,40.0,3,0,2.5478,0.7413
112,Female,24,47.1,81,12,1568,74.7,1,1,-3.0064,0.0968
113,Male,39,30.9,42,6,1228,34.0,0,2,0.1953,-1.8445
114,Male,43,69.0,40,3,5025,48.0,3,0,1.4882,0.3565
115,Female,30,99.1,90,10,5429,52.2,2,3,-1.0142,2.159
116,Female,42,103.9,24,3,3963,25.6,3,0,2.4821,0.0809
117,Male,29,48.4,72,9,1827,55.6,1,1,-1.6171,-0.3922
118,Female,43,83.2,30,4,5405,39.8,3,0,1.9061,0.5821
119,Female,27,36.2,79,9,1458,63.1,1,1,-2.2011,-0.5647
120,Male,37,97.4,71,9,5056,47.1,2,3,-0.0689,1.6363
121,Female,46,92.2,38,3,4600,36.6,3,0,2.1264,0.4493
122,Female,53,105.1,35,2,4060,41.2,3,0,2.6703,0.5115
123,Male,38,36.8,44,7,1313,16.3,0,2,0.414,-1.9213
124,Female,52,77.0,33,5,4623,60.4,3,0,1.5279,0.6548
125,Male,22,40.6,74,8,2000,79.3,1,1,-2.4507,-0.1314
126,Male,33,71.9,76,8,5033,75.9,2,3,-1.13,1.6054
127,Female,51,102.7,53,3,3980,35.3,3,0,2.1499,0.5978
128,Female,30,99.1,77,9,4601,45.5,2,3,-0.5544,1.5235
129,Female,28,39.3,79,9,1959,84.2,1,1,-2.5261,0.0521
130,Female,50,66.2,39,4,4892,29.3,3,0,2.0845,-0.0019
131,Male,47,96.2,26,3,4156,49.3,3,0,2.1148,0.4501
132,Female,31,102.3,73,11,4603,55.2,2,3,-0.9264,1.8385
133,Female,37,89.8,39,2,4601,28.7,3,0,1.9518,0.186
134,Female,22,38.4,78,8,1549,73.2,1,1,-2.4731,-0.4008
135,Female,27,37.6,86,12,2030,66.1,1,1,-2.7966,-0.0049
136,Female,31,83.1,95,7,6859,53.4,2,3,-0.5941,2.2611
137,Female,24,36.8,82,7,2182,79.3,1,1,-2.3615,-0.1033
138,Male,44,104.1,29,5,4516,47.5,3,0,1.7502,0.8594
139,Female,24,51.4,71,3,1385,72.6,1,1,-1.3067,-0.6008
140,Male,36,36.8,37,4,1319,34.6,0,2,0.5167,-1.8755
141,Female,39,38.2,38,6,1206,26.7,0,2,0.5111,-1.8811
142,Male,45,102.9,88,11,5621,60.7,2,3,-0.483,2.5383
143,Male,28,43.8,80,11,1721,74.4,1,1,-2.6282,0.0201
144,Male,43,98.4,21,3,4832,23.4,3,0,2.6958,0.2208
145,Female,47,114.6,24,4,5188,55.8,3,0,2.1727,1.3487
146,Male,47,88.2,35,5,4906,50.5,3,0,1.6043,0.8176
147,Male,39,111.5,39,3,3829,36.1,3,0,1.858,0.5317
148,Male,38,71.0,23,2,4339,46.2,3,0,1.6967,-0.1634
149,Male,37,39.4,38,3,1157,48.3,0,2,0.4074,-1.6925
150,Female,38,28.5,52,2,1157,21.0,0,2,0.8415,-2.2815
151,Male,59,102.2,34,2,3904,50.4,3,0,2.7446,0.5633
152,Female,43,87.6,36,4,4710,46.9,3,0,1.586,0.6078
153,Female,35,87.1,33,5,3873,36.1,3,0,1.2011,0.1049
154,Female,41,98.6,29,4,3345,31.8,3,0,1.8993,-0.0262
155,Female,32,35.1,48,7,1149,32.1,0,2,-0.3687,-1.7118
156,Male,39,109.3,84,8,3669,55.9,2,3,-0.312,1.6115
157,Female,24,108.8,78,7,6239,39.1,2,3,-0.1127,2.0762
158,Male,42,37.1,37,8,871,18.2,0,2,0.5039,-2.0518
159,Male,39,88.1,44,3,4545,47.9,3,0,1.3423,0.593
160,Female,32,38.9,45,6,1152,48.5,0,2,-0.478,-1.4468
161,Female,41,28.8,36,4,1133,23.4,0,2,0.9395,-2.2949
162,Male,18,41.9,70,7,1251,53.1,1,1,-1.9145,-0.9589
163,Male,37,83.5,93,6,5958,53.1,2,3,-0.1883,1.8648
164,Male,36,96.5,76,6,5297,38.9,2,3,0.4641,1.4318
165,Female,37,34.1,30,4,1418,40.8,0,2,0.5517,-1.8634
166,Male,44,36.8,44,5,1470,28.6,0,2,0.788,-1.7561
167,Female,44,93.0,34,4,5384,38.8,3,0,2.0012,0.8018
168,Female,37,93.1,88,8,5202,66.9,2,3,-0.7144,2.0851
169,Male,43,111.6,14,2,4287,51.1,3,0,2.44,0.6217
170,Male,40,103.0,42,2,3645,42.2,3,0,1.7612,0.3765
171,Male,35,93.3,84,7,6486,46.1,2,3,0.0523,2.0837
172,Female,42,90.5,72,6,5942,63.2,2,3,0.3288,1.9446
173,Female,51,88.5,22,5,4747,47.6,3,0,2.1154,0.5751
174,Female,37,86.8,17,3,5459,52.6,3,0,1.7678,0.6644
175,Male,43,41.3,52,8,909,28.2,0,2,0.0849,-1.602
176,Male,40,29.6,38,4,712,37.3,0,2,0.4912,-2.1714
177,Male,34,99.4,74,9,6340,43.0,2,3,-0.0069,2.1029
178,Male,40,40.0,52,3,1442,34.7,0,2,0.6349,-1.6403
179,Female,38,94.3,85,11,5927,56.8,2,3,-0.7501,2.3553
180,Female,25,38.4,78,12,2227,57.8,1,1,-2.5232,-0.1605
181,Male,44,101.4,25,3,3860,32.8,3,0,2.3654,0.1364
182,Male,21,43.2,71,8,1687,64.5,1,1,-2.1244,-0.4907
183,Male,25,34.3,87,10,1586,74.0,1,1,-2.8695,-0.2157
184,Female,34,36.8,49,3,941,18.3,0,2,0.6534,-2.2273
185,Male,26,41.4,84,11,1703,87.1,1,1,-3.1227,0.2276
186,Male,48,86.5,32,2,6275,42.5,3,0,2.5296,0.9284
187,Female,28,26.4,79,10,1988,73.4,1,1,-2.5741,-0.3198
188,Female,39,91.7,78,8,6140,53.9,2,3,-0.0173,2.0652
189,Female,46,26.9,50,5,1517,19.7,0,2,0.8759,-2.015
190,Male,44,103.6,37,3,3395,33.2,3,0,2.0838,0.1561
191,Male,21,40.6,70,8,1187,60.3,1,1,-2.1015,-0.8113
192,Male,26,41.9,71,8,2328,77.4,1,1,-2.0862,-0.0407
193,Male,24,91.7,82,9,4875,59.5,2,3,-1.32,1.761
194,Male,37,34.8,33,4,1502,38.8,0,2,0.5556,-1.8185
195,Female,31,30.6,35,7,983,23.3,0,2,-0.0354,-2.1705
196,Female,30,95.3,79,11,5081,66.2,2,3,-1.355,2.1335
197,Male,40,86.5,85,10,6348,58.1,2,3,-0.5438,2.3211
198,Male,29,37.3,37,7,1321,37.8,0,2,-0.3906,-1.6428
199,Male,29,37.3,42,6,1159,36.2,0,2,-0.3145,-1.7345
200,Female,18,39.3,81,8,987,69.7,1,1,-2.7234,-0.6278
201,Female,46,30.4,33,5,821,18.3,0,2,1.1896,-2.424
202,Male,30,31.1,42,5,997,37.5,0,2,-0.2178,-1.9544
203,Female,48,85.1,24,4,5201,31.4,3,0,2.4656,0.3438
204,Male,61,86.9,22,3,4427,46.7,3,0,2.9152,0.3152
205,Female,24,91.2,89,9,4634,38.7,2,3,-1.0274,1.3815
206,Male,24,40.1,90,7,1493,69.3,1,1,-2.3483,-0.372
207,Female,28,39.6,44,4,674,7.5,0,2,0.5187,-2.472
208,Male,30,51.0,72,9,1558,78.5,1,1,-2.0859,-0.0373
209,Female,18,47.7,84,11,1831,78.3,1,1,-3.2581,0.2225
210,Male,25,41.4,87,10,1822,73.8,1,1,-2.7608,0.009
211,Female,29,37.9,45,5,1216,5.3,0,2,0.4922,-2.2676
212,Female,38,97.6,33,4,4751,36.0,3,0,1.7398,0.5819
213,Female,42,89.6,86,10,4563,61.5,2,3,-0.7315,1.8031
214,Male,32,43.7,43,3,1382,31.8,0,2,0.4933,-1.7685
215,Male,25,40.1,80,8,1647,59.6,1,1,-2.0218,-0.5354
216,Male,26,31.6,85,10,1828,77.1,1,1,-2.8451,-0.1467
217,Female,33,36.3,36,6,816,38.0,0,2,-0.0835,-1.907
218,Female,33,91.0,78,5,4862,67.2,2,3,-0.3188,1.607
219,Male,30,26.2,74,9,1833,59.5,1,1,-1.9229,-0.7378
220,Male,43,26.8,36,2,1155,39.9,0,2,0.9739,-2.1581
221,Male,31,99.7,69,10,5224,76.8,2,3,-1.1205,2.2824
222,Female,27,48.8,78,6,1653,72.0,1,1,-1.7466,-0.2861
223,Female,24,44.4,96,8,1530,65.8,1,1,-2.4977,-0.2012
224,Male,42,103.0,30,3,4050,42.2,3,0,1.9935,0.4542
225,Male,28,37.6,85,10,1894,66.6,1,1,-2.4349,-0.1799
226,Female,34,95.3,84,10,5936,71.8,2,3,-1.1032,2.5536
227,Male,28,50.0,64,6,1588,58.0,1,1,-1.101,-0.6903
228,Female,44,74.0,31,4,4514,46.4,3,0,1.5806,0.2008
229,Male,47,37.6,47,5,897,22.8,0,2,0.9498,-2.0079
230,Male,35,15.3,37,3,1323,22.4,0,2,0.674,-2.5805
231,Female,33,82.1,80,14,5250,53.4,2,3,-1.5264,1.9181
232,Male,28,52.1,95,11,2480,65.0,1,1,-2.5293,0.4758
233,Male,30,104.6,78,5,6520,75.4,2,3,-0.3048,2.6216
234,Female,48,25.7,34,5,1287,15.4,0,2,1.3491,-2.3789
235,Female,40,38.4,42,6,1177,41.2,0,2,0.1574,-1.5854
236,Female,47,90.7,17,3,4735,36.3,3,0,2.6,0.2221
237,Female,23,32.9,77,7,1968,70.1,1,1,-2.1766,-0.4813
238,Male,45,93.7,13,3,3692,48.2,3,0,2.2064,0.0527
239,Male,18,27.4,92,11,2455,82.1,1,1,-3.6329,0.2072
240,Male,28,31.1,78,12,1513,81.5,1,1,-3.0664,-0.1464
241,Female,33,97.5,78,7,6183,53.0,2,3,-0.0828,2.1001
242,Female,50,41.7,38,4,1461,13.3,0,2,1.7696,-2.0426
243,Female,24,24.8,89,6,2211,64.2,1,1,-2.1229,-0.5756
244,Male,52,86.9,35,2,4743,38.5,3,0,2.5763,0.3502
245,Female,33,90.2,82,7,4982,62.0,2,3,-0.5927,1.7163
246,Female,38,92.1,36,4,4497,43.7,3,0,1.4183,0.548
247,Female,27,45.6,41,8,1374,34.3,0,2,-0.5606,-1.4159
248,Female,52,99.8,16,3,3866,52.9,3,0,2.4907,0.3764
249,Female,34,35.8,31,4,1081,33.9,0,2,0.506,-2.0713
250,Male,20,43.1,91,10,1733,75.4,1,1,-3.1283,0.0694
251,Female,28,53.9,83,7,2065,69.9,1,1,-1.7996,0.0543
252,Male,30,96.5,87,11,5107,34.8,2,3,-0.7926,1.7131
253,Female,33,90.8,83,9,5970,45.4,2,3,-0.4266,1.9392
254,Female,45,89.6,23,3,4525,47.1,3,0,2.0978,0.375
255,Male,44,110.6,31,2,4560,50.4,3,0,2.1973,0.8913
256,Male,46,104.6,17,3,4619,37.4,3,0,2.6537,0.4723
257,Female,28,37.5,32,2,1308,29.3,0,2,0.6438,-2.1657
258,Female,41,98.5,28,1,5108,42.7,3,0,2.3766,0.6111
259,Female,42,32.5,44,5,1005,21.0,0,2,0.7506,-2.1513
260,Male,46,133.0,24,3,4987,33.7,3,0,2.942,1.1905
261,Male,22,31.3,78,11,1975,76.4,1,1,-3.0427,-0.1421
262,Male,53,102.2,37,2,4011,33.8,3,0,2.7603,0.3301
263,Male,26,94.5,73,9,4971,42.9,2,3,-0.6255,1.4639
264,Female,46,25.4,48,6,1516,26.2,0,2,0.5944,-1.8928
265,Female,20,83.8,78,8,6012,53.0,2,3,-1.0808,1.7873
266,Male,38,88.9,89,8,5960,60.3,2,3,-0.4813,2.18
267,Female,28,40.9,39,4,1283,39.8,0,2,-0.0159,-1.7175
268,Female,56,103.3,18,3,4353,48.6,3,0,2.8538,0.5858
269,Male,38,46.9,40,8,1292,27.4,0,2,0.1872,-1.5186
270,Female,26,52.1,66,12,1786,62.0,1,1,-2.2427,-0.1135
271,Male,29,46.7,87,9,2291,80.3,1,1,-2.4247,0.35
272,Male,24,39.4,81,8,1928,74.6,1,1,-2.4011,-0.176
273,Male,34,26.5,40,4,1236,26.6,0,2,0.4153,-2.2217
274,Male,22,40.2,80,10,1951,68.5,1,1,-2.6558,-0.1505
275,Female,25,33.5,73,10,2201,77.1,1,1,-2.5933,-0.1147
276,Female,40,26.7,28,3,1206,31.2,0,2,1.017,-2.3328
277,Female,22,43.3,76,5,1587,63.1,1,1,-1.6733,-0.6761
278,Female,32,54.4,36,6,802,29.0,0,2,0.2534,-1.7116
279,Female,24,46.8,72,8,1391,69.0,1,1,-2.0897,-0.4287
280,Male,31,94.4,73,8,5087,71.6,2,3,-0.8367,1.9574
281,Female,55,84.9,41,3,4837,40.5,3,0,2.4006,0.5214
282,Female,43,102.6,45,3,4946,36.6,3,0,1.9858,0.8563
283,Male,33,102.2,37,2,4462,31.0,3,0,1.8438,0.3864
284,Male,33,53.7,94,11,2079,79.5,1,1,-2.61,0.6164
285,Male,44,100.7,20,4,4214,43.4,3,0,2.1047,0.4417
286,Male,28,91.2,75,6,5501,62.6,2,3,-0.4916,1.7783
287,Female,38,95.3,16,2,4390,37.9,3,0,2.2805,0.1131
288,Male,31,30.2,75,11,1955,61.4,1,1,-2.1947,-0.4404
289,Male,39,77.2,42,4,4766,26.9,3,0,1.6077,0.1305
290,Male,54,95.8,30,3,4278,25.3,3,0,2.9485,0.1367
291,Male,43,87.1,33,4,4641,44.0,3,0,1.6961,0.4869
292,Male,34,113.0,44,3,4364,34.9,3,0,1.6112,0.7806
293,Female,42,81.9,27,3,4592,41.4,3,0,1.9195,0.1844
294,Female,45,45.6,43,6,1147,29.4,0,2,0.7328,-1.6318
295,Male,54,106.6,40,4,5338,47.2,3,0,2.3491,1.3025
296,Male,38,82.8,85,7,6387,66.1,2,3,-0.3824,2.2075
297,Male,32,88.8,81,10,5677,48.9,2,3,-0.7352,1.8887
298,Male,37,103.1,47,3,4580,38.1,3,0,1.5602,0.7628
299,Male,31,78.2,82,9,5525,59.8,2,3,-1.0217,1.7577
300,Male,51,73.5,37,3,4320,51.0,3,0,1.8517,0.2284
