CustomerID,Gender,Age,Annual_Income_k,Spending_Score,Visits_Per_Month,Avg_Basket_Value,Online_Purchase_Pct
1,Female,54,110.1,30,2,3757,37.0
2,Male,35,33.6,42,4,1212,30.2
3,Female,38,42.0,43,4,1353,29.2
4,Female,28,76.4,78,8,4712,62.4
5,Male,29,37.9,71,7,1676,85.6
6,Male,47,104.8,25,4,5224,24.7
7,Female,37,26.3,43,4,1278,35.9
8,Female,28,79.7,88,8,5538,42.6
9,Male,19,39.2,78,11,1231,66.1
10,Male,37,39.3,55,3,1306,32.7
11,Male,27,38.4,77,9,2130,64.2
12,Female,43,101.9,24,3,4152,40.9
13,Male,31,96.2,83,5,5638,46.2
14,Female,40,102.1,40,3,4221,38.0
15,Female,25,45.1,82,8,2311,83.4
16,Female,54,102.3,33,2,4598,58.0
17,Female,28,79.3,76,7,5406,51.8
18,Female,45,39.7,36,3,1656,32.2
19,Female,41,115.0,57,4,4060,19.4
20,Female,30,42.8,84,7,1057,69.2
21,Male,31,38.8,86,8,1465,70.2
22,Male,41,26.1,38,5,1467,45.6
23,Female,31,37.4,36,3,1447,32.9
24,Male,48,100.8,28,3,5581,42.1
25,Female,34,72.1,16,3,4516,30.9
26,Female,48,31.3,43,5,1249,42.0
27,Female,30,39.2,93,4,1299,84.0
28,Female,41,83.4,36,3,3917,44.6
29,Male,35,31.3,32,3,1263,34.4
30,Female,27,33.1,71,11,1955,68.4
31,Male,41,94.9,87,7,5724,51.9
32,Male,49,19.5,45,7,1032,29.5
33,Male,37,94.0,34,3,4381,47.1
34,Female,18,34.8,83,8,2222,87.0
35,Female,38,36.0,49,5,1030,37.5
36,Male,33,114.8,81,9,4276,51.4
37,Male,32,34.6,37,3,1397,22.5
38,Male,40,82.2,77,7,4710,44.2
39,Male,48,105.8,18,4,4440,50.0
40,Male,49,89.5,29,4,4716,33.7
41,Male,40,93.7,29,3,4578,44.2
42,Female,42,94.0,40,2,3991,28.9
43,Male,31,96.7,87,9,4579,64.6
44,Male,44,41.1,44,5,1452,19.1
45,Female,49,74.6,38,4,4164,31.1
46,Male,53,110.6,35,4,4308,31.9
47,Male,18,40.4,89,5,1610,79.0
48,Female,27,34.6,82,8,1857,79.9
49,Male,53,106.3,28,3,5111,16.9
50,Male,30,80.0,80,7,5846,47.1
51,Male,24,24.1,71,8,2244,64.4
52,Male,30,44.0,72,11,1956,72.7
53,Male,47,107.5,15,3,4782,39.3
54,Male,40,26.6,28,4,1408,35.1
55,Female,21,58.2,82,10,1840,74.9
56,Female,24,40.9,80,10,1500,64.1
57,Male,46,91.9,41,2,5516,32.6
58,Male,23,42.3,80,6,1757,65.4
59,Female,21,50.3,85,9,1554,70.0
60,Male,20,37.6,62,8,2074,82.1
61,Female,22,32.1,84,8,1967,51.7
62,Female,24,33.3,77,10,1526,76.1
63,Female,28,39.0,86,11,1950,67.2
64,Male,55,98.7,24,3,3774,55.0
65,Female,24,41.4,36,6,1250,27.0
66,Female,26,33.1,78,10,1644,67.8
67,Female,36,23.9,43,4,1378,24.6
68,Female,30,45.7,82,9,1771,69.2
69,Male,30,35.7,83,10,1653,75.8
70,Male,24,41.0,88,7,1669,72.5
71,Male,26,42.4,81,9,1962,60.0
72,Female,26,45.6,75,6,1493,64.5
73,Female,42,104.1,29,2,4964,35.7
74,Female,45,72.0,28,2,4883,45.3
75,Male,46,89.1,25,4,4745,71.6
76,Male,30,78.0,89,9,5625,57.0
77,Male,37,79.4,97,5,4480,47.3
78,Male,24,85.4,79,5,5365,63.4
79,Female,33,107.0,82,5,5794,59.4
80,Female,40,35.5,36,1,1059,25.5
81,Male,20,29.2,82,8,1874,74.9
82,Male,47,95.8,39,3,4438,54.6
83,Male,45,118.0,30,2,5754,19.8
84,Male,32,21.8,39,8,1091,40.3
85,Female,18,47.6,77,7,2067,73.4
86,Male,41,24.7,44,5,1553,22.8
87,Female,29,100.9,74,9,5897,54.4
88,Female,31,86.9,87,8,5459,44.9
89,Male,37,74.8,35,5,4551,50.8
90,Female,48,80.3,39,3,5091,20.9
91,Female,35,86.5,76,7,5461,63.8
92,Female,23,40.9,91,14,1689,59.5
93,Female,54,112.9,37,4,4696,45.9
94,Female,31,92.3,76,12,4982,54.8
95,Female,38,35.7,36,6,1257,20.3
96,Male,25,44.6,86,9,1767,60.1
97,Female,24,38.3,54,3,947,41.3
98,Female,31,70.9,85,6,6044,70.7
99,Female,24,42.7,88,11,1466,61.4
100,Female,38,19.1,44,3,1283,28.3
101,Female,37,39.2,42,7,816,35.5
102,Female,34,39.2,35,1,1581,21.0
103,Female,46,96.0,30,3,4291,59.1
104,Female,33,95.1,74,9,5695,54.3
105,Male,36,31.8,30,4,1256,29.1
106,Female,27,37.1,75,10,2094,62.3
107,Female,42,81.0,39,3,5681,45.6
108,Male,41,24.9,30,7,1384,22.6
109,Female,38,88.3,83,8,3981,63.8
110,Male,34,96.8,90,8,5454,52.4
111,Male,53,100.4,29,4,4846,40.0
112,Female,24,47.1,81,12,1568,74.7
113,Male,39,30.9,42,6,1228,34.0
114,Male,43,69.0,40,3,5025,48.0
115,Female,30,99.1,90,10,5429,52.2
116,Female,42,103.9,24,3,3963,25.6
117,Male,29,48.4,72,9,1827,55.6
118,Female,43,83.2,30,4,5405,39.8
119,Female,27,36.2,79,9,1458,63.1
120,Male,37,97.4,71,9,5056,47.1
121,Female,46,92.2,38,3,4600,36.6
122,Female,53,105.1,35,2,4060,41.2
123,Male,38,36.8,44,7,1313,16.3
124,Female,52,77.0,33,5,4623,60.4
125,Male,22,40.6,74,8,2000,79.3
126,Male,33,71.9,76,8,5033,75.9
127,Female,51,102.7,53,3,3980,35.3
128,Female,30,99.1,77,9,4601,45.5
129,Female,28,39.3,79,9,1959,84.2
130,Female,50,66.2,39,4,4892,29.3
131,Male,47,96.2,26,3,4156,49.3
132,Female,31,102.3,73,11,4603,55.2
133,Female,37,89.8,39,2,4601,28.7
134,Female,22,38.4,78,8,1549,73.2
135,Female,27,37.6,86,12,2030,66.1
136,Female,31,83.1,95,7,6859,53.4
137,Female,24,36.8,82,7,2182,79.3
138,Male,44,104.1,29,5,4516,47.5
139,Female,24,51.4,71,3,1385,72.6
140,Male,36,36.8,37,4,1319,34.6
141,Female,39,38.2,38,6,1206,26.7
142,Male,45,102.9,88,11,5621,60.7
143,Male,28,43.8,80,11,1721,74.4
144,Male,43,98.4,21,3,4832,23.4
145,Female,47,114.6,24,4,5188,55.8
146,Male,47,88.2,35,5,4906,50.5
147,Male,39,111.5,39,3,3829,36.1
148,Male,38,71.0,23,2,4339,46.2
149,Male,37,39.4,38,3,1157,48.3
150,Female,38,28.5,52,2,1157,21.0
151,Male,59,102.2,34,2,3904,50.4
152,Female,43,87.6,36,4,4710,46.9
153,Female,35,87.1,33,5,3873,36.1
154,Female,41,98.6,29,4,3345,31.8
155,Female,32,35.1,48,7,1149,32.1
156,Male,39,109.3,84,8,3669,55.9
157,Female,24,108.8,78,7,6239,39.1
158,Male,42,37.1,37,8,871,18.2
159,Male,39,88.1,44,3,4545,47.9
160,Female,32,38.9,45,6,1152,48.5
161,Female,41,28.8,36,4,1133,23.4
162,Male,18,41.9,70,7,1251,53.1
163,Male,37,83.5,93,6,5958,53.1
164,Male,36,96.5,76,6,5297,38.9
165,Female,37,34.1,30,4,1418,40.8
166,Male,44,36.8,44,5,1470,28.6
167,Female,44,93.0,34,4,5384,38.8
168,Female,37,93.1,88,8,5202,66.9
169,Male,43,111.6,14,2,4287,51.1
170,Male,40,103.0,42,2,3645,42.2
171,Male,35,93.3,84,7,6486,46.1
172,Female,42,90.5,72,6,5942,63.2
173,Female,51,88.5,22,5,4747,47.6
174,Female,37,86.8,17,3,5459,52.6
175,Male,43,41.3,52,8,909,28.2
176,Male,40,29.6,38,4,712,37.3
177,Male,34,99.4,74,9,6340,43.0
178,Male,40,40.0,52,3,1442,34.7
179,Female,38,94.3,85,11,5927,56.8
180,Female,25,38.4,78,12,2227,57.8
181,Male,44,101.4,25,3,3860,32.8
182,Male,21,43.2,71,8,1687,64.5
183,Male,25,34.3,87,10,1586,74.0
184,Female,34,36.8,49,3,941,18.3
185,Male,26,41.4,84,11,1703,87.1
186,Male,48,86.5,32,2,6275,42.5
187,Female,28,26.4,79,10,1988,73.4
188,Female,39,91.7,78,8,6140,53.9
189,Female,46,26.9,50,5,1517,19.7
190,Male,44,103.6,37,3,3395,33.2
191,Male,21,40.6,70,8,1187,60.3
192,Male,26,41.9,71,8,2328,77.4
193,Male,24,91.7,82,9,4875,59.5
194,Male,37,34.8,33,4,1502,38.8
195,Female,31,30.6,35,7,983,23.3
196,Female,30,95.3,79,11,5081,66.2
197,Male,40,86.5,85,10,6348,58.1
198,Male,29,37.3,37,7,1321,37.8
199,Male,29,37.3,42,6,1159,36.2
200,Female,18,39.3,81,8,987,69.7
201,Female,46,30.4,33,5,821,18.3
202,Male,30,31.1,42,5,997,37.5
203,Female,48,85.1,24,4,5201,31.4
204,Male,61,86.9,22,3,4427,46.7
205,Female,24,91.2,89,9,4634,38.7
206,Male,24,40.1,90,7,1493,69.3
207,Female,28,39.6,44,4,674,7.5
208,Male,30,51.0,72,9,1558,78.5
209,Female,18,47.7,84,11,1831,78.3
210,Male,25,41.4,87,10,1822,73.8
211,Female,29,37.9,45,5,1216,5.3
212,Female,38,97.6,33,4,4751,36.0
213,Female,42,89.6,86,10,4563,61.5
214,Male,32,43.7,43,3,1382,31.8
215,Male,25,40.1,80,8,1647,59.6
216,Male,26,31.6,85,10,1828,77.1
217,Female,33,36.3,36,6,816,38.0
218,Female,33,91.0,78,5,4862,67.2
219,Male,30,26.2,74,9,1833,59.5
220,Male,43,26.8,36,2,1155,39.9
221,Male,31,99.7,69,10,5224,76.8
222,Female,27,48.8,78,6,1653,72.0
223,Female,24,44.4,96,8,1530,65.8
224,Male,42,103.0,30,3,4050,42.2
225,Male,28,37.6,85,10,1894,66.6
226,Female,34,95.3,84,10,5936,71.8
227,Male,28,50.0,64,6,1588,58.0
228,Female,44,74.0,31,4,4514,46.4
229,Male,47,37.6,47,5,897,22.8
230,Male,35,15.3,37,3,1323,22.4
231,Female,33,82.1,80,14,5250,53.4
232,Male,28,52.1,95,11,2480,65.0
233,Male,30,104.6,78,5,6520,75.4
234,Female,48,25.7,34,5,1287,15.4
235,Female,40,38.4,42,6,1177,41.2
236,Female,47,90.7,17,3,4735,36.3
237,Female,23,32.9,77,7,1968,70.1
238,Male,45,93.7,13,3,3692,48.2
239,Male,18,27.4,92,11,2455,82.1
240,Male,28,31.1,78,12,1513,81.5
241,Female,33,97.5,78,7,6183,53.0
242,Female,50,41.7,38,4,1461,13.3
243,Female,24,24.8,89,6,2211,64.2
244,Male,52,86.9,35,2,4743,38.5
245,Female,33,90.2,82,7,4982,62.0
246,Female,38,92.1,36,4,4497,43.7
247,Female,27,45.6,41,8,1374,34.3
248,Female,52,99.8,16,3,3866,52.9
249,Female,34,35.8,31,4,1081,33.9
250,Male,20,43.1,91,10,1733,75.4
251,Female,28,53.9,83,7,2065,69.9
252,Male,30,96.5,87,11,5107,34.8
253,Female,33,90.8,83,9,5970,45.4
254,Female,45,89.6,23,3,4525,47.1
255,Male,44,110.6,31,2,4560,50.4
256,Male,46,104.6,17,3,4619,37.4
257,Female,28,37.5,32,2,1308,29.3
258,Female,41,98.5,28,1,5108,42.7
259,Female,42,32.5,44,5,1005,21.0
260,Male,46,133.0,24,3,4987,33.7
261,Male,22,31.3,78,11,1975,76.4
262,Male,53,102.2,37,2,4011,33.8
263,Male,26,94.5,73,9,4971,42.9
264,Female,46,25.4,48,6,1516,26.2
265,Female,20,83.8,78,8,6012,53.0
266,Male,38,88.9,89,8,5960,60.3
267,Female,28,40.9,39,4,1283,39.8
268,Female,56,103.3,18,3,4353,48.6
269,Male,38,46.9,40,8,1292,27.4
270,Female,26,52.1,66,12,1786,62.0
271,Male,29,46.7,87,9,2291,80.3
272,Male,24,39.4,81,8,1928,74.6
273,Male,34,26.5,40,4,1236,26.6
274,Male,22,40.2,80,10,1951,68.5
275,Female,25,33.5,73,10,2201,77.1
276,Female,40,26.7,28,3,1206,31.2
277,Female,22,43.3,76,5,1587,63.1
278,Female,32,54.4,36,6,802,29.0
279,Female,24,46.8,72,8,1391,69.0
280,Male,31,94.4,73,8,5087,71.6
281,Female,55,84.9,41,3,4837,40.5
282,Female,43,102.6,45,3,4946,36.6
283,Male,33,102.2,37,2,4462,31.0
284,Male,33,53.7,94,11,2079,79.5
285,Male,44,100.7,20,4,4214,43.4
286,Male,28,91.2,75,6,5501,62.6
287,Female,38,95.3,16,2,4390,37.9
288,Male,31,30.2,75,11,1955,61.4
289,Male,39,77.2,42,4,4766,26.9
290,Male,54,95.8,30,3,4278,25.3
291,Male,43,87.1,33,4,4641,44.0
292,Male,34,113.0,44,3,4364,34.9
293,Female,42,81.9,27,3,4592,41.4
294,Female,45,45.6,43,6,1147,29.4
295,Male,54,106.6,40,4,5338,47.2
296,Male,38,82.8,85,7,6387,66.1
297,Male,32,88.8,81,10,5677,48.9
298,Male,37,103.1,47,3,4580,38.1
299,Male,31,78.2,82,9,5525,59.8
300,Male,51,73.5,37,3,4320,51.0
